sku,product_name,variant,category
SKU001,Classic Cotton T-Shirt,Black / M,Apparel
SKU002,Running Shoes,Blue / 9,Footwear
SKU003,Everyday Backpack,Black / 20L,Accessories
SKU004,Wireless Mouse,Black,Electronics
SKU005,USB-C Hub,7-in-1,Electronics
SKU006,Water Bottle,Steel / 750ml,Home
SKU007,Denim Jeans,Blue / 32,Apparel
SKU008,Hoodie,Grey / L,Apparel
SKU009,Desk Lamp,Warm White,Home
SKU010,Phone Stand,Adjustable,Accessories
SKU011,Yoga Mat,Purple / 6mm,Fitness
SKU012,Bluetooth Speaker,Black,Electronics
