order_id,courier,pickup_time,shipping_cost,pickup_status,estimated_delivery
ORD-1001,SwiftShip,10:30,55,Not Ready,2026-09-29 14:00:00
ORD-1002,QuickGo,16:00,50,Ready for Pickup,2026-09-29 20:00:00
ORD-1003,FastTrack,12:00,48,Collected,2026-09-29 16:00:00
ORD-1004,QuickGo,16:00,50,Collected,2026-09-29 16:00:00
ORD-1005,SwiftShip,10:30,55,Ready for Pickup,2026-09-29 19:00:00
ORD-1006,ParcelPro,14:30,42,Collected,2026-09-29 16:00:00
ORD-1007,FastTrack,12:00,48,Ready for Pickup,2026-09-29 18:00:00
ORD-1008,FastTrack,12:00,48,Not Ready,2026-09-29 17:00:00
ORD-1009,QuickGo,16:00,50,Collected,2026-09-29 19:00:00
ORD-1010,QuickGo,16:00,50,Ready for Pickup,2026-09-29 20:00:00
ORD-1011,SwiftShip,10:30,55,Not Ready,2026-09-29 18:00:00
ORD-1012,SwiftShip,10:30,55,Not Ready,2026-09-29 17:00:00
ORD-1013,QuickGo,16:00,50,Collected,2026-09-29 17:00:00
ORD-1014,ParcelPro,14:30,42,Not Ready,2026-09-29 18:00:00
ORD-1015,ParcelPro,14:30,42,Not Ready,2026-09-29 20:00:00
ORD-1016,SwiftShip,10:30,55,Not Ready,2026-09-29 20:00:00
ORD-1017,QuickGo,16:00,50,Not Ready,2026-09-29 14:00:00
ORD-1018,QuickGo,16:00,50,Not Ready,2026-09-29 20:00:00
ORD-1019,SwiftShip,10:30,55,Not Ready,2026-09-29 18:00:00
ORD-1020,QuickGo,16:00,50,Ready for Pickup,2026-09-29 16:00:00
ORD-1021,SwiftShip,10:30,55,Not Ready,2026-09-29 18:00:00
ORD-1022,FastTrack,12:00,48,Collected,2026-09-29 18:00:00
ORD-1023,SwiftShip,10:30,55,Collected,2026-09-29 19:00:00
ORD-1024,QuickGo,16:00,50,Collected,2026-09-29 13:00:00
ORD-1025,QuickGo,16:00,50,Not Ready,2026-09-29 16:00:00
ORD-1026,SwiftShip,10:30,55,Not Ready,2026-09-29 15:00:00
ORD-1027,FastTrack,12:00,48,Collected,2026-09-29 13:00:00
ORD-1028,ParcelPro,14:30,42,Not Ready,2026-09-29 17:00:00
ORD-1029,SwiftShip,10:30,55,Not Ready,2026-09-29 19:00:00
ORD-1030,SwiftShip,10:30,55,Not Ready,2026-09-29 17:00:00
ORD-1031,FastTrack,12:00,48,Not Ready,2026-09-29 15:00:00
ORD-1032,FastTrack,12:00,48,Ready for Pickup,2026-09-29 16:00:00
ORD-1033,ParcelPro,14:30,42,Not Ready,2026-09-29 18:00:00
ORD-1034,SwiftShip,10:30,55,Ready for Pickup,2026-09-29 16:00:00
ORD-1035,SwiftShip,10:30,55,Not Ready,2026-09-29 19:00:00
ORD-1036,FastTrack,12:00,48,Not Ready,2026-09-29 16:00:00
ORD-1037,QuickGo,16:00,50,Collected,2026-09-29 20:00:00
ORD-1038,FastTrack,12:00,48,Not Ready,2026-09-29 18:00:00
ORD-1039,QuickGo,16:00,50,Not Ready,2026-09-29 17:00:00
ORD-1040,SwiftShip,10:30,55,Ready for Pickup,2026-09-29 20:00:00
ORD-1041,ParcelPro,14:30,42,Not Ready,2026-09-29 20:00:00
ORD-1042,FastTrack,12:00,48,Not Ready,2026-09-29 20:00:00
ORD-1043,ParcelPro,14:30,42,Ready for Pickup,2026-09-29 15:00:00
ORD-1044,ParcelPro,14:30,42,Ready for Pickup,2026-09-29 18:00:00
ORD-1045,QuickGo,16:00,50,Not Ready,2026-09-29 15:00:00
ORD-1046,SwiftShip,10:30,55,Ready for Pickup,2026-09-29 15:00:00
ORD-1047,SwiftShip,10:30,55,Not Ready,2026-09-29 20:00:00
ORD-1048,SwiftShip,10:30,55,Not Ready,2026-09-29 15:00:00
ORD-1049,QuickGo,16:00,50,Not Ready,2026-09-29 13:00:00
ORD-1050,QuickGo,16:00,50,Not Ready,2026-09-29 13:00:00
ORD-1051,ParcelPro,14:30,42,Not Ready,2026-09-29 14:00:00
ORD-1052,ParcelPro,14:30,42,Not Ready,2026-09-29 13:00:00
ORD-1053,QuickGo,16:00,50,Ready for Pickup,2026-09-29 13:00:00
ORD-1054,QuickGo,16:00,50,Not Ready,2026-09-29 19:00:00
ORD-1055,QuickGo,16:00,50,Collected,2026-09-29 15:00:00
ORD-1056,QuickGo,16:00,50,Ready for Pickup,2026-09-29 16:00:00
ORD-1057,FastTrack,12:00,48,Not Ready,2026-09-29 14:00:00
ORD-1058,ParcelPro,14:30,42,Not Ready,2026-09-29 15:00:00
ORD-1059,SwiftShip,10:30,55,Ready for Pickup,2026-09-29 13:00:00
ORD-1060,FastTrack,12:00,48,Not Ready,2026-09-29 16:00:00
ORD-1061,SwiftShip,10:30,55,Ready for Pickup,2026-09-29 20:00:00
ORD-1062,SwiftShip,10:30,55,Not Ready,2026-09-29 18:00:00
ORD-1063,SwiftShip,10:30,55,Collected,2026-09-29 13:00:00
ORD-1064,SwiftShip,10:30,55,Not Ready,2026-09-29 20:00:00
ORD-1065,ParcelPro,14:30,42,Not Ready,2026-09-29 20:00:00
ORD-1066,SwiftShip,10:30,55,Not Ready,2026-09-29 13:00:00
ORD-1067,ParcelPro,14:30,42,Ready for Pickup,2026-09-29 13:00:00
ORD-1068,FastTrack,12:00,48,Collected,2026-09-29 19:00:00
ORD-1069,SwiftShip,10:30,55,Ready for Pickup,2026-09-29 13:00:00
ORD-1070,QuickGo,16:00,50,Not Ready,2026-09-29 13:00:00
ORD-1071,ParcelPro,14:30,42,Not Ready,2026-09-29 17:00:00
ORD-1072,ParcelPro,14:30,42,Not Ready,2026-09-29 17:00:00
ORD-1073,SwiftShip,10:30,55,Not Ready,2026-09-29 13:00:00
ORD-1074,ParcelPro,14:30,42,Collected,2026-09-29 19:00:00
ORD-1075,QuickGo,16:00,50,Collected,2026-09-29 15:00:00
ORD-1076,SwiftShip,10:30,55,Collected,2026-09-29 14:00:00
ORD-1077,ParcelPro,14:30,42,Collected,2026-09-29 14:00:00
ORD-1078,FastTrack,12:00,48,Collected,2026-09-29 15:00:00
ORD-1079,QuickGo,16:00,50,Not Ready,2026-09-29 16:00:00
ORD-1080,FastTrack,12:00,48,Not Ready,2026-09-29 16:00:00
ORD-1081,ParcelPro,14:30,42,Collected,2026-09-29 17:00:00
ORD-1082,QuickGo,16:00,50,Not Ready,2026-09-29 18:00:00
ORD-1083,SwiftShip,10:30,55,Ready for Pickup,2026-09-29 17:00:00
ORD-1084,ParcelPro,14:30,42,Not Ready,2026-09-29 19:00:00
ORD-1085,ParcelPro,14:30,42,Not Ready,2026-09-29 14:00:00
ORD-1086,SwiftShip,10:30,55,Ready for Pickup,2026-09-29 18:00:00
ORD-1087,QuickGo,16:00,50,Not Ready,2026-09-29 19:00:00
ORD-1088,FastTrack,12:00,48,Ready for Pickup,2026-09-29 20:00:00
ORD-1089,ParcelPro,14:30,42,Ready for Pickup,2026-09-29 16:00:00
ORD-1090,QuickGo,16:00,50,Collected,2026-09-29 16:00:00
ORD-1091,FastTrack,12:00,48,Not Ready,2026-09-29 17:00:00
ORD-1092,ParcelPro,14:30,42,Not Ready,2026-09-29 14:00:00
ORD-1093,QuickGo,16:00,50,Collected,2026-09-29 13:00:00
ORD-1094,FastTrack,12:00,48,Not Ready,2026-09-29 14:00:00
ORD-1095,QuickGo,16:00,50,Ready for Pickup,2026-09-29 19:00:00
ORD-1096,QuickGo,16:00,50,Not Ready,2026-09-29 19:00:00
ORD-1097,SwiftShip,10:30,55,Not Ready,2026-09-29 19:00:00
ORD-1098,SwiftShip,10:30,55,Ready for Pickup,2026-09-29 20:00:00
ORD-1099,SwiftShip,10:30,55,Not Ready,2026-09-29 13:00:00
ORD-1100,QuickGo,16:00,50,Collected,2026-09-29 13:00:00
ORD-1101,FastTrack,12:00,48,Not Ready,2026-09-29 15:00:00
ORD-1102,ParcelPro,14:30,42,Not Ready,2026-09-29 14:00:00
ORD-1103,QuickGo,16:00,50,Not Ready,2026-09-29 20:00:00
ORD-1104,ParcelPro,14:30,42,Not Ready,2026-09-29 19:00:00
ORD-1105,QuickGo,16:00,50,Ready for Pickup,2026-09-29 18:00:00
ORD-1106,SwiftShip,10:30,55,Ready for Pickup,2026-09-29 14:00:00
ORD-1107,ParcelPro,14:30,42,Not Ready,2026-09-29 13:00:00
ORD-1108,FastTrack,12:00,48,Collected,2026-09-29 16:00:00
ORD-1109,QuickGo,16:00,50,Not Ready,2026-09-29 16:00:00
ORD-1110,ParcelPro,14:30,42,Not Ready,2026-09-29 20:00:00
ORD-1111,FastTrack,12:00,48,Not Ready,2026-09-29 17:00:00
ORD-1112,ParcelPro,14:30,42,Not Ready,2026-09-29 13:00:00
ORD-1113,QuickGo,16:00,50,Not Ready,2026-09-29 14:00:00
ORD-1114,SwiftShip,10:30,55,Collected,2026-09-29 17:00:00
ORD-1115,SwiftShip,10:30,55,Not Ready,2026-09-29 13:00:00
ORD-1116,SwiftShip,10:30,55,Not Ready,2026-09-29 15:00:00
ORD-1117,FastTrack,12:00,48,Collected,2026-09-29 18:00:00
ORD-1118,FastTrack,12:00,48,Not Ready,2026-09-29 13:00:00
ORD-1119,SwiftShip,10:30,55,Not Ready,2026-09-29 16:00:00
ORD-1120,SwiftShip,10:30,55,Ready for Pickup,2026-09-29 15:00:00
ORD-1121,SwiftShip,10:30,55,Collected,2026-09-29 19:00:00
ORD-1122,ParcelPro,14:30,42,Ready for Pickup,2026-09-29 14:00:00
ORD-1123,ParcelPro,14:30,42,Not Ready,2026-09-29 17:00:00
ORD-1124,QuickGo,16:00,50,Collected,2026-09-29 15:00:00
ORD-1125,ParcelPro,14:30,42,Not Ready,2026-09-29 16:00:00
ORD-1126,SwiftShip,10:30,55,Not Ready,2026-09-29 19:00:00
ORD-1127,QuickGo,16:00,50,Not Ready,2026-09-29 18:00:00
ORD-1128,SwiftShip,10:30,55,Collected,2026-09-29 19:00:00
ORD-1129,ParcelPro,14:30,42,Not Ready,2026-09-29 15:00:00
ORD-1130,SwiftShip,10:30,55,Ready for Pickup,2026-09-29 14:00:00
ORD-1131,SwiftShip,10:30,55,Not Ready,2026-09-29 18:00:00
ORD-1132,ParcelPro,14:30,42,Not Ready,2026-09-29 13:00:00
ORD-1133,ParcelPro,14:30,42,Not Ready,2026-09-29 14:00:00
ORD-1134,QuickGo,16:00,50,Not Ready,2026-09-29 19:00:00
ORD-1135,SwiftShip,10:30,55,Not Ready,2026-09-29 16:00:00
ORD-1136,QuickGo,16:00,50,Not Ready,2026-09-29 14:00:00
ORD-1137,SwiftShip,10:30,55,Collected,2026-09-29 18:00:00
ORD-1138,QuickGo,16:00,50,Not Ready,2026-09-29 19:00:00
ORD-1139,SwiftShip,10:30,55,Collected,2026-09-29 18:00:00
ORD-1140,FastTrack,12:00,48,Not Ready,2026-09-29 13:00:00
ORD-1141,FastTrack,12:00,48,Collected,2026-09-29 17:00:00
ORD-1142,QuickGo,16:00,50,Ready for Pickup,2026-09-29 20:00:00
ORD-1143,FastTrack,12:00,48,Ready for Pickup,2026-09-29 20:00:00
ORD-1144,ParcelPro,14:30,42,Not Ready,2026-09-29 16:00:00
ORD-1145,QuickGo,16:00,50,Ready for Pickup,2026-09-29 18:00:00
ORD-1146,QuickGo,16:00,50,Collected,2026-09-29 19:00:00
ORD-1147,SwiftShip,10:30,55,Not Ready,2026-09-29 19:00:00
ORD-1148,ParcelPro,14:30,42,Not Ready,2026-09-29 15:00:00
ORD-1149,FastTrack,12:00,48,Not Ready,2026-09-29 19:00:00
ORD-1150,SwiftShip,10:30,55,Collected,2026-09-29 14:00:00
ORD-1151,ParcelPro,14:30,42,Ready for Pickup,2026-09-29 17:00:00
ORD-1152,FastTrack,12:00,48,Collected,2026-09-29 16:00:00
ORD-1153,FastTrack,12:00,48,Collected,2026-09-29 14:00:00
ORD-1154,SwiftShip,10:30,55,Ready for Pickup,2026-09-29 14:00:00
ORD-1155,FastTrack,12:00,48,Not Ready,2026-09-29 17:00:00
ORD-1156,QuickGo,16:00,50,Collected,2026-09-29 15:00:00
ORD-1157,ParcelPro,14:30,42,Not Ready,2026-09-29 19:00:00
ORD-1158,FastTrack,12:00,48,Not Ready,2026-09-29 15:00:00
ORD-1159,ParcelPro,14:30,42,Collected,2026-09-29 19:00:00
ORD-1160,FastTrack,12:00,48,Not Ready,2026-09-29 18:00:00
ORD-1161,SwiftShip,10:30,55,Not Ready,2026-09-29 18:00:00
ORD-1162,SwiftShip,10:30,55,Not Ready,2026-09-29 14:00:00
ORD-1163,SwiftShip,10:30,55,Not Ready,2026-09-29 14:00:00
ORD-1164,QuickGo,16:00,50,Not Ready,2026-09-29 13:00:00
ORD-1165,SwiftShip,10:30,55,Collected,2026-09-29 17:00:00
ORD-1166,ParcelPro,14:30,42,Not Ready,2026-09-29 20:00:00
ORD-1167,ParcelPro,14:30,42,Ready for Pickup,2026-09-29 18:00:00
ORD-1168,SwiftShip,10:30,55,Ready for Pickup,2026-09-29 17:00:00
ORD-1169,QuickGo,16:00,50,Not Ready,2026-09-29 14:00:00
ORD-1170,ParcelPro,14:30,42,Not Ready,2026-09-29 15:00:00
ORD-1171,ParcelPro,14:30,42,Not Ready,2026-09-29 14:00:00
ORD-1172,ParcelPro,14:30,42,Not Ready,2026-09-29 15:00:00
ORD-1173,ParcelPro,14:30,42,Ready for Pickup,2026-09-29 19:00:00
ORD-1174,ParcelPro,14:30,42,Ready for Pickup,2026-09-29 20:00:00
ORD-1175,SwiftShip,10:30,55,Collected,2026-09-29 19:00:00
ORD-1176,ParcelPro,14:30,42,Not Ready,2026-09-29 14:00:00
ORD-1177,SwiftShip,10:30,55,Not Ready,2026-09-29 13:00:00
ORD-1178,FastTrack,12:00,48,Not Ready,2026-09-29 14:00:00
ORD-1179,QuickGo,16:00,50,Not Ready,2026-09-29 18:00:00
ORD-1180,FastTrack,12:00,48,Not Ready,2026-09-29 14:00:00
ORD-1181,FastTrack,12:00,48,Not Ready,2026-09-29 18:00:00
ORD-1182,SwiftShip,10:30,55,Collected,2026-09-29 19:00:00
ORD-1183,ParcelPro,14:30,42,Collected,2026-09-29 13:00:00
ORD-1184,FastTrack,12:00,48,Collected,2026-09-29 17:00:00
ORD-1185,FastTrack,12:00,48,Collected,2026-09-29 19:00:00
ORD-1186,ParcelPro,14:30,42,Collected,2026-09-29 19:00:00
ORD-1187,ParcelPro,14:30,42,Not Ready,2026-09-29 14:00:00
ORD-1188,QuickGo,16:00,50,Not Ready,2026-09-29 16:00:00
ORD-1189,QuickGo,16:00,50,Ready for Pickup,2026-09-29 15:00:00
ORD-1190,FastTrack,12:00,48,Not Ready,2026-09-29 19:00:00
ORD-1191,SwiftShip,10:30,55,Collected,2026-09-29 15:00:00
ORD-1192,QuickGo,16:00,50,Not Ready,2026-09-29 15:00:00
ORD-1193,QuickGo,16:00,50,Not Ready,2026-09-29 17:00:00
ORD-1194,SwiftShip,10:30,55,Not Ready,2026-09-29 17:00:00
ORD-1195,QuickGo,16:00,50,Not Ready,2026-09-29 17:00:00
ORD-1196,FastTrack,12:00,48,Not Ready,2026-09-29 20:00:00
ORD-1197,SwiftShip,10:30,55,Not Ready,2026-09-29 15:00:00
ORD-1198,FastTrack,12:00,48,Not Ready,2026-09-29 14:00:00
ORD-1199,FastTrack,12:00,48,Ready for Pickup,2026-09-29 15:00:00
ORD-1200,ParcelPro,14:30,42,Not Ready,2026-09-29 19:00:00
ORD-1201,SwiftShip,10:30,55,Not Ready,2026-09-29 17:00:00
ORD-1202,ParcelPro,14:30,42,Ready for Pickup,2026-09-29 19:00:00
ORD-1203,QuickGo,16:00,50,Not Ready,2026-09-29 17:00:00
ORD-1204,QuickGo,16:00,50,Not Ready,2026-09-29 20:00:00
ORD-1205,FastTrack,12:00,48,Collected,2026-09-29 14:00:00
ORD-1206,ParcelPro,14:30,42,Not Ready,2026-09-29 18:00:00
ORD-1207,ParcelPro,14:30,42,Ready for Pickup,2026-09-29 17:00:00
ORD-1208,ParcelPro,14:30,42,Not Ready,2026-09-29 16:00:00
ORD-1209,ParcelPro,14:30,42,Not Ready,2026-09-29 20:00:00
ORD-1210,ParcelPro,14:30,42,Not Ready,2026-09-29 16:00:00
ORD-1211,FastTrack,12:00,48,Not Ready,2026-09-29 20:00:00
ORD-1212,FastTrack,12:00,48,Not Ready,2026-09-29 14:00:00
ORD-1213,SwiftShip,10:30,55,Not Ready,2026-09-29 15:00:00
ORD-1214,SwiftShip,10:30,55,Not Ready,2026-09-29 17:00:00
ORD-1215,SwiftShip,10:30,55,Collected,2026-09-29 13:00:00
ORD-1216,FastTrack,12:00,48,Not Ready,2026-09-29 19:00:00
ORD-1217,FastTrack,12:00,48,Not Ready,2026-09-29 18:00:00
ORD-1218,ParcelPro,14:30,42,Not Ready,2026-09-29 19:00:00
ORD-1219,QuickGo,16:00,50,Not Ready,2026-09-29 18:00:00
ORD-1220,SwiftShip,10:30,55,Not Ready,2026-09-29 20:00:00
ORD-1221,ParcelPro,14:30,42,Collected,2026-09-29 18:00:00
ORD-1222,QuickGo,16:00,50,Not Ready,2026-09-29 19:00:00
ORD-1223,ParcelPro,14:30,42,Not Ready,2026-09-29 15:00:00
ORD-1224,FastTrack,12:00,48,Not Ready,2026-09-29 17:00:00
ORD-1225,QuickGo,16:00,50,Not Ready,2026-09-29 18:00:00
ORD-1226,SwiftShip,10:30,55,Not Ready,2026-09-29 16:00:00
ORD-1227,SwiftShip,10:30,55,Not Ready,2026-09-29 20:00:00
ORD-1228,QuickGo,16:00,50,Not Ready,2026-09-29 18:00:00
ORD-1229,SwiftShip,10:30,55,Collected,2026-09-29 15:00:00
ORD-1230,ParcelPro,14:30,42,Not Ready,2026-09-29 19:00:00
ORD-1231,ParcelPro,14:30,42,Not Ready,2026-09-29 18:00:00
ORD-1232,SwiftShip,10:30,55,Ready for Pickup,2026-09-29 17:00:00
ORD-1233,FastTrack,12:00,48,Not Ready,2026-09-29 20:00:00
ORD-1234,ParcelPro,14:30,42,Collected,2026-09-29 16:00:00
ORD-1235,QuickGo,16:00,50,Not Ready,2026-09-29 18:00:00
ORD-1236,QuickGo,16:00,50,Collected,2026-09-29 19:00:00
ORD-1237,QuickGo,16:00,50,Collected,2026-09-29 17:00:00
ORD-1238,ParcelPro,14:30,42,Not Ready,2026-09-29 19:00:00
ORD-1239,SwiftShip,10:30,55,Not Ready,2026-09-29 18:00:00
ORD-1240,FastTrack,12:00,48,Not Ready,2026-09-29 14:00:00
